<application>
  <component name="ProjectJdkTable">
    <jdk version="2">
      <name value="Python 3.5 (项目集合)" />
      <type value="Python SDK" />
      <version value="Python 3.5.0" />
      <homePath value="D:\Program Files\Python\Python35\python.exe" />
      <roots>
        <classPath>
          <root type="composite">
            <root url="file://D:/Program Files/Python/Python35/Lib/site-packages/qtpandas-1.0.4-py3.5.egg" type="simple" />
            <root url="file://D:/Program Files/Python/Python35/Lib/site-packages/ibm_db_sa-0.3.3-py3.5.egg" type="simple" />
            <root url="file://D:/Program Files/Python/Python35/Lib/site-packages/ibm_db-3.0.1-py3.5.egg" type="simple" />
            <root url="file://D:/Program Files/Python/Python35/Lib/site-packages/QDarkStyle-2.8.1-py3.5.egg" type="simple" />
            <root url="file://D:/Program Files/Python/Python35/DLLs" type="simple" />
            <root url="file://D:/Program Files/Python/Python35/Lib" type="simple" />
            <root url="file://D:/Program Files/Python/Python35" type="simple" />
            <root url="file://D:/Program Files/Python/Python35/Lib/site-packages" type="simple" />
            <root url="file://D:/Program Files/Python/Python35/Lib/site-packages/win32" type="simple" />
            <root url="file://D:/Program Files/Python/Python35/Lib/site-packages/win32/lib" type="simple" />
            <root url="file://D:/Program Files/Python/Python35/Lib/site-packages/pythonwin" type="simple" />
            <root url="file://$USER_HOME$/AppData/Local/JetBrains/PyCharmCE2020.2/python_stubs/-1781974741" type="simple" />
            <root url="file://$APPLICATION_HOME_DIR$/plugins/python-ce/helpers/python-skeletons" type="simple" />
            <root url="file://$APPLICATION_HOME_DIR$/plugins/python-ce/helpers/typeshed/stdlib/3" type="simple" />
            <root url="file://$APPLICATION_HOME_DIR$/plugins/python-ce/helpers/typeshed/stdlib/2and3" type="simple" />
            <root url="file://$APPLICATION_HOME_DIR$/plugins/python-ce/helpers/typeshed/third_party/3" type="simple" />
            <root url="file://$APPLICATION_HOME_DIR$/plugins/python-ce/helpers/typeshed/third_party/2and3" type="simple" />
          </root>
        </classPath>
        <sourcePath>
          <root type="composite" />
        </sourcePath>
      </roots>
      <additional ASSOCIATED_PROJECT_PATH="D:/项目集合" />
    </jdk>
    <jdk version="2">
      <name value="Python 3.8 (项目集合)" />
      <type value="Python SDK" />
      <version value="Python 3.8.5" />
      <homePath value="D:\Program Files\Python\Python38\python.exe" />
      <roots>
        <classPath>
          <root type="composite">
            <root url="file://D:/Program Files/Python/Python38/DLLs" type="simple" />
            <root url="file://D:/Program Files/Python/Python38/Lib" type="simple" />
            <root url="file://D:/Program Files/Python/Python38" type="simple" />
            <root url="file://D:/Program Files/Python/Python38/Lib/site-packages" type="simple" />
            <root url="file://D:/Program Files/Python/Python38/Lib/site-packages/ibm_db_sa-0.3.3-py3.8.egg" type="simple" />
            <root url="file://D:/Program Files/Python/Python38/Lib/site-packages/ibm_db-3.0.2-py3.8.egg" type="simple" />
            <root url="file://D:/Program Files/Python/Python38/Lib/site-packages/QDarkStyle-2.8.1-py3.8.egg" type="simple" />
            <root url="file://D:/Program Files/Python/Python38/Lib/site-packages/helpdev-0.7.1-py3.8.egg" type="simple" />
            <root url="file://D:/Program Files/Python/Python38/Lib/site-packages/qtpandas-1.0.4-py3.8.egg" type="simple" />
            <root url="file://D:/Program Files/Python/Python38/Lib/site-packages/nodeeditor-0.9.10-py3.8.egg" type="simple" />
            <root url="file://D:/Program Files/Python/Python38/Lib/site-packages/win32" type="simple" />
            <root url="file://D:/Program Files/Python/Python38/Lib/site-packages/win32/lib" type="simple" />
            <root url="file://D:/Program Files/Python/Python38/Lib/site-packages/pythonwin" type="simple" />
            <root url="file://$USER_HOME$/AppData/Local/JetBrains/PyCharmCE2020.2/python_stubs/-1394726584" type="simple" />
            <root url="file://$APPLICATION_HOME_DIR$/plugins/python-ce/helpers/python-skeletons" type="simple" />
            <root url="file://$APPLICATION_HOME_DIR$/plugins/python-ce/helpers/typeshed/stdlib/3.7" type="simple" />
            <root url="file://$APPLICATION_HOME_DIR$/plugins/python-ce/helpers/typeshed/stdlib/3" type="simple" />
            <root url="file://$APPLICATION_HOME_DIR$/plugins/python-ce/helpers/typeshed/stdlib/2and3" type="simple" />
            <root url="file://$APPLICATION_HOME_DIR$/plugins/python-ce/helpers/typeshed/third_party/3" type="simple" />
            <root url="file://$APPLICATION_HOME_DIR$/plugins/python-ce/helpers/typeshed/third_party/2and3" type="simple" />
          </root>
        </classPath>
        <sourcePath>
          <root type="composite" />
        </sourcePath>
      </roots>
      <additional ASSOCIATED_PROJECT_PATH="D:/项目集合" />
    </jdk>
    <jdk version="2">
      <name value="Python 3.8 (proKivy)" />
      <type value="Python SDK" />
      <version value="Python 3.8.5" />
      <homePath value="D:\proKivy\venv\Scripts\python.exe" />
      <roots>
        <classPath>
          <root type="composite">
            <root url="file://D:/Program Files/Python/Python38/DLLs" type="simple" />
            <root url="file://D:/Program Files/Python/Python38/Lib" type="simple" />
            <root url="file://D:/Program Files/Python/Python38" type="simple" />
            <root url="file://D:/proKivy/venv" type="simple" />
            <root url="file://D:/proKivy/venv/Lib/site-packages" type="simple" />
            <root url="jar://D:/proKivy/venv/Lib/site-packages/osxrelocator-1.0.1-py3.8.egg!/" type="simple" />
            <root url="file://D:/proKivy/venv/Lib/site-packages/kivymd-0.104.2.dev0-py3.8.egg" type="simple" />
            <root url="file://D:/proKivy/venv/Lib/site-packages/win32" type="simple" />
            <root url="file://D:/proKivy/venv/Lib/site-packages/win32/lib" type="simple" />
            <root url="file://D:/proKivy/venv/Lib/site-packages/pythonwin" type="simple" />
            <root url="file://$USER_HOME$/AppData/Local/JetBrains/PyCharmCE2020.2/python_stubs/759671333" type="simple" />
            <root url="file://$APPLICATION_HOME_DIR$/plugins/python-ce/helpers/python-skeletons" type="simple" />
            <root url="file://$APPLICATION_HOME_DIR$/plugins/python-ce/helpers/typeshed/stdlib/3.7" type="simple" />
            <root url="file://$APPLICATION_HOME_DIR$/plugins/python-ce/helpers/typeshed/stdlib/3" type="simple" />
            <root url="file://$APPLICATION_HOME_DIR$/plugins/python-ce/helpers/typeshed/stdlib/2and3" type="simple" />
            <root url="file://$APPLICATION_HOME_DIR$/plugins/python-ce/helpers/typeshed/third_party/3" type="simple" />
            <root url="file://$APPLICATION_HOME_DIR$/plugins/python-ce/helpers/typeshed/third_party/2and3" type="simple" />
          </root>
        </classPath>
        <sourcePath>
          <root type="composite" />
        </sourcePath>
      </roots>
      <additional ASSOCIATED_PROJECT_PATH="D:/proKivy" />
    </jdk>
    <jdk version="2">
      <name value="Python 3.8 (proKivyDesigner)" />
      <type value="Python SDK" />
      <homePath value="D:\proKivyDesigner\venv\Scripts\python.exe" />
      <roots>
        <classPath>
          <root type="composite">
            <root url="file://D:/Program Files/Python/Python38/DLLs" type="simple" />
            <root url="file://D:/Program Files/Python/Python38/Lib" type="simple" />
            <root url="file://D:/Program Files/Python/Python38" type="simple" />
            <root url="file://D:/proKivyDesigner/venvKivy" type="simple" />
            <root url="file://D:/proKivyDesigner/venvKivy/Lib/site-packages" type="simple" />
            <root url="file://$USER_HOME$/AppData/Local/JetBrains/PyCharmCE2020.2/python_stubs/903303119" type="simple" />
            <root url="file://$APPLICATION_HOME_DIR$/plugins/python-ce/helpers/python-skeletons" type="simple" />
            <root url="file://$APPLICATION_HOME_DIR$/plugins/python-ce/helpers/typeshed/stdlib/3.7" type="simple" />
            <root url="file://$APPLICATION_HOME_DIR$/plugins/python-ce/helpers/typeshed/stdlib/3" type="simple" />
            <root url="file://$APPLICATION_HOME_DIR$/plugins/python-ce/helpers/typeshed/stdlib/2and3" type="simple" />
            <root url="file://$APPLICATION_HOME_DIR$/plugins/python-ce/helpers/typeshed/third_party/3" type="simple" />
            <root url="file://$APPLICATION_HOME_DIR$/plugins/python-ce/helpers/typeshed/third_party/2and3" type="simple" />
          </root>
        </classPath>
        <sourcePath>
          <root type="composite" />
        </sourcePath>
      </roots>
      <additional ASSOCIATED_PROJECT_PATH="D:/proKivyDesigner" />
    </jdk>
    <jdk version="2">
      <name value="Python 3.8 (proKivyDesigner)" />
      <type value="Python SDK" />
      <version value="Python 3.8.5" />
      <homePath value="D:\proKivyDesigner\venvKivy1.11.1\Scripts\python.exe" />
      <roots>
        <classPath>
          <root type="composite" />
        </classPath>
        <sourcePath>
          <root type="composite" />
        </sourcePath>
      </roots>
      <additional ASSOCIATED_PROJECT_PATH="D:/proKivyDesigner" />
    </jdk>
    <jdk version="2">
      <name value="Python 3.8 (proKivyDesigner)" />
      <type value="Python SDK" />
      <version value="Python 3.8.5" />
      <homePath value="D:\proKivyDesigner\venvKivy\Scripts\python.exe" />
      <roots>
        <classPath>
          <root type="composite" />
        </classPath>
        <sourcePath>
          <root type="composite" />
        </sourcePath>
      </roots>
      <additional ASSOCIATED_PROJECT_PATH="D:/proKivyDesigner" />
    </jdk>
    <jdk version="2">
      <name value="Python 3.8 (proKivyDesigner)" />
      <type value="Python SDK" />
      <version value="Python 3.8.5" />
      <homePath value="D:\proKivyDesigner\venvKivy\Scripts\python.exe" />
      <roots>
        <classPath>
          <root type="composite" />
        </classPath>
        <sourcePath>
          <root type="composite" />
        </sourcePath>
      </roots>
      <additional ASSOCIATED_PROJECT_PATH="D:/proKivyDesigner" />
    </jdk>
    <jdk version="2">
      <name value="Python 3.7 (proKivyDesigner)" />
      <type value="Python SDK" />
      <version value="Python 3.7.0" />
      <homePath value="D:\proKivyDesigner\venvKivy\Scripts\python.exe" />
      <roots>
        <classPath>
          <root type="composite">
            <root url="file://D:/Program Files/Python/Python37/DLLs" type="simple" />
            <root url="file://D:/Program Files/Python/Python37/Lib" type="simple" />
            <root url="file://D:/Program Files/Python/Python37" type="simple" />
            <root url="file://D:/proKivyDesigner/venvKivy" type="simple" />
            <root url="file://D:/proKivyDesigner/venvKivy/Lib/site-packages" type="simple" />
            <root url="file://D:/proKivyDesigner/venvKivy/Lib/site-packages/win32" type="simple" />
            <root url="file://D:/proKivyDesigner/venvKivy/Lib/site-packages/win32/lib" type="simple" />
            <root url="file://D:/proKivyDesigner/venvKivy/Lib/site-packages/pythonwin" type="simple" />
            <root url="file://$USER_HOME$/AppData/Local/JetBrains/PyCharmCE2020.2/python_stubs/903303119" type="simple" />
            <root url="file://$APPLICATION_HOME_DIR$/plugins/python-ce/helpers/python-skeletons" type="simple" />
            <root url="file://$APPLICATION_HOME_DIR$/plugins/python-ce/helpers/typeshed/stdlib/3.7" type="simple" />
            <root url="file://$APPLICATION_HOME_DIR$/plugins/python-ce/helpers/typeshed/stdlib/3" type="simple" />
            <root url="file://$APPLICATION_HOME_DIR$/plugins/python-ce/helpers/typeshed/stdlib/2and3" type="simple" />
            <root url="file://$APPLICATION_HOME_DIR$/plugins/python-ce/helpers/typeshed/third_party/3" type="simple" />
            <root url="file://$APPLICATION_HOME_DIR$/plugins/python-ce/helpers/typeshed/third_party/2and3" type="simple" />
          </root>
        </classPath>
        <sourcePath>
          <root type="composite" />
        </sourcePath>
      </roots>
      <additional ASSOCIATED_PROJECT_PATH="D:/proKivyDesigner" />
    </jdk>
  </component>
</application>